avgx,avgy,avgz,avgTf,label
-0.143746046,-0.982019119,-0.121464765,1.062800801,walk
-0.0729379,-0.9940028,-0.0998034,1.060742,walk
-0.1385142,-1.0173418,-0.159482,1.13394,walk
-0.2899479,-0.9608779,-0.2061244,1.116975,walk
-0.2004861,-0.9757912,-0.1771562,1.119866,walk
-0.1570853,-0.9638732,-0.1341169,1.084886,walk
-0.1812239,-1.0019013,-0.1638574,1.125965,walk
-0.1036676,-1.0114391,-0.1387165,1.117037,walk
-0.035837,-0.997985,-0.110551,1.088942,walk
-0.0942402,-0.9781313,-0.0758637,1.076989,walk
-0.07083,-1.030157,-0.1184644,1.125003,walk
-0.0637235,-0.9958157,-0.075334,1.089638,walk
-0.0715488,-0.9709094,-0.0241175,1.075745,walk
-0.0604542,-0.9887913,-0.0028006,1.083424,walk
-0.0620285,-1.0212005,-0.0351775,1.126416,walk
-0.0501258,-1.0106142,0.0473256,1.132698,walk
-0.0266816,-0.9931555,0.046224,1.107399,walk
-0.0119946,-0.9992891,-0.0078048,1.104527,walk
0.026264,-1.0008492,0.0390549,1.080098,walk
0.0091482,-1.0178343,-0.0455631,1.121867,walk
0.0157258,-1.0367506,-0.0454446,1.113653,walk
-0.043216,-1.028811,-0.0395904,1.119173,walk
-0.0782952,-1.0314873,-0.1132193,1.168501,walk
-0.1023662,-0.9812504,-0.0877813,1.077066,walk
-0.0777334,-1.0026012,-0.0449219,1.019923,walk
0.0377971,-0.9986735,0.0112289,1.000349,walk
-0.0050663,-0.9908015,-0.04889,1.007476,walk
-0.0753612,-0.9970951,-0.0168359,1.001611,walk
-0.127186,-0.9883519,-0.0467131,0.999739,walk
-0.0494078,-0.9950761,-0.0265571,0.999435,walk
-0.1034628,-1.0207356,-0.1400437,1.103618,walk
-0.0430937,-0.9914502,-0.1547032,1.125576,walk
-0.0334456,-0.9846321,-0.079642,1.091292,walk
-0.0532711,-1.0323438,-0.1066244,1.137798,walk
-0.0498658,-1.0070504,-0.08583,1.109169,walk
-0.0215965,-0.9975721,-0.0156496,1.074238,walk
-0.0427011,-1.0016139,-0.0116378,1.101703,walk
-0.0397095,-1.0524018,-0.063485,1.158487,walk
-0.0204364,-0.9795281,-0.030807,1.059801,walk
-0.0706973,-1.0135172,-0.0846766,1.117601,walk
-0.0395985,-1.0171258,-0.1159753,1.124922,walk
-0.0313619,-1.0013267,-0.0492355,1.094559,walk
-0.0316747,-1.0632021,-0.1161206,1.196728,walk
-0.0287231,-0.9867125,-0.039344,1.065798,walk
-0.0635217,-1.020811,-0.0903156,1.110843,walk
-0.0335313,-1.0201469,-0.1301434,1.141574,walk
-0.03175,-1.0023074,-0.0283301,1.104272,walk
-0.0117639,-1.0534919,-0.0739192,1.156191,walk
-0.0445778,-0.9819118,-0.0655497,1.082524,walk
-0.082246,-1.0305383,-0.1071045,1.149676,walk
-0.0110849,-1.0166718,-0.0857868,1.129469,walk
-0.0164978,-1.014081,-0.0198881,1.108559,walk
-0.047732,-1.0238042,-0.1016545,1.129344,walk
-0.0720581,-0.991282,-0.066256,1.099201,walk
-0.1028647,-1.0179595,-0.1237717,1.152547,walk
-0.0266286,-1.0056146,-0.0500304,1.122885,walk
0.0054336,-1.0514377,-0.0792003,1.1594,walk
-0.0321054,-0.980466,-0.0733262,1.082625,walk
-0.0721193,-1.0421216,-0.1290411,1.153107,walk
0.0395867,-1.0011533,-0.000485,1.054715,walk
-0.0099679,-0.9896428,-0.0963238,1.009017,walk
0.0256484,-0.9950136,-0.0646115,1.001874,walk
0.0257957,-0.9930296,-0.123275,1.041528,walk
-0.0690917,-1.0165004,-0.0864659,1.123733,walk
-0.0930193,-0.9897362,-0.0760561,1.073591,walk
-0.0929507,-1.0276883,-0.144231,1.138801,walk
-0.0158333,-1.0070067,-0.0909267,1.091793,walk
0.0078447,-1.0353278,-0.1321829,1.132462,walk
-0.0189367,-0.9872366,-0.1005594,1.072262,walk
-0.0561828,-1.0431596,-0.1452458,1.163672,walk
-0.0983534,-1.0014273,-0.0665879,1.072022,walk
-0.0775109,-1.0270231,-0.1622378,1.127402,walk
-0.1404594,-0.9404571,-0.2245199,1.043734,walk
-0.0785649,-0.9955979,-0.1792226,1.064418,walk
-0.1466285,-1.0078398,-0.1732458,1.09317,walk
-0.1066934,-1.0397254,-0.1118119,1.14206,walk
-0.0381794,-1.0020305,-0.0896855,1.086101,walk
-0.1964817,-0.9879786,-0.1835161,1.107103,walk
-0.188549,-0.9397146,-0.1621892,1.040635,walk
-0.2900402,-0.9525762,-0.0622255,1.066141,walk
-0.25787,-0.9328297,0.0173923,1.024477,walk
-0.1603751,-1.002675,0.0093844,1.144347,walk
-0.2083017,-0.9728704,-0.0955956,1.062021,walk
-0.242614,-0.9653745,-0.1976791,1.122287,walk
-0.2063435,-0.9014791,-0.240043,1.029491,walk
0.2096149,-0.8217737,0.058407,1.074837,walk
-0.0847681,0.2571926,0.9837167,1.02649,walk
-0.0660719,0.1894342,0.9726868,0.998032,walk
-0.006426,0.1828738,0.9899668,1.010823,walk
-0.0423606,0.173356,1.011367,1.03201,walk
0.013084,1.0280282,-0.1798517,1.091976,walk
-0.0417751,1.0043549,-0.1301367,1.041192,walk
0.0515351,1.0029017,-0.0560884,1.013694,walk
0.0195919,1.0067275,-0.0362328,1.013472,walk
0.0199974,1.0054309,-0.0278647,1.010809,walk
-0.0181746,0.9680793,-0.1092122,0.991215,walk
-0.0018217,0.9796502,-0.2135973,1.032685,walk
-0.0049863,1.0316327,-0.1545298,1.084684,walk
-0.0027899,0.961472,-0.1943957,1.031653,walk
-0.0491786,1.0071264,-0.1674468,1.074408,walk
-0.0877116,0.9692635,-0.1426116,1.030732,walk
-0.0949961,1.0263672,-0.153191,1.102014,walk
-0.1083493,0.9706086,-0.1709342,1.046745,walk
-0.0646452,0.9760845,-0.1581972,1.045225,walk
-0.0757304,1.0071011,-0.1702887,1.080966,walk
-0.0907203,0.9888852,-0.1646162,1.058573,walk
-0.0714907,0.9827851,-0.1342381,1.048345,walk
-0.0819838,1.0295167,-0.1731195,1.095318,walk
-0.0689694,0.9584339,-0.1840582,1.02504,walk
-0.0314593,0.997897,-0.1686954,1.071411,walk
-0.0884875,1.0059985,-0.1917515,1.076476,walk
-0.0461824,0.9992341,-0.1279396,1.051001,walk
-0.0667929,0.9817272,-0.2074765,1.057093,walk
0.0003298,1.0074854,-0.178556,1.071981,walk
-0.0780842,0.9772846,-0.1733531,1.048755,walk
-0.043907,1.0246837,-0.1510635,1.096045,walk
-0.0687908,0.964839,-0.1724811,1.027128,walk
-0.0241397,1.0052614,-0.2010393,1.07921,walk
-0.056636,0.9853005,-0.1190584,1.035864,walk
-0.0503878,1.0233263,-0.1718919,1.100948,walk
-0.070824,0.9888621,-0.1656707,1.067339,walk
-0.019014,0.972347,-0.1812411,1.053735,walk
-0.037969,1.0105419,-0.1684898,1.087959,walk
-0.0515097,0.9837672,-0.1791707,1.063877,walk
-0.002,0.9730917,-0.1186244,1.03765,walk
-0.0101366,1.0282354,-0.1679104,1.112489,walk
-0.0416808,0.9738134,-0.1574827,1.054671,walk
0.0111596,0.9650064,-0.1917756,1.060334,walk
-0.0098809,1.0182439,-0.1711467,1.092788,walk
-0.0518787,0.9781397,-0.1613642,1.032239,walk
-0.0173261,0.9940635,-0.1734718,1.066983,walk
-0.0216342,0.9882535,-0.1945186,1.073412,walk
0.0042407,0.9669954,-0.1839763,1.041901,walk
0.001663,1.0084072,-0.1905524,1.090271,walk
-0.0158727,0.9892592,-0.2037808,1.064783,walk
0.0229457,0.9749063,-0.1929846,1.060944,walk
0.0202379,0.9941424,-0.1650527,1.086636,walk
-0.0299202,1.015713,-0.1821627,1.094786,walk
0.0048552,0.9589794,-0.2034515,1.039713,walk
-0.0013637,0.9859953,-0.1742568,1.062226,walk
0.0228357,0.9888675,-0.1868532,1.099647,walk
0.0100561,0.9914547,-0.1501225,1.080143,walk
0.0062805,0.990343,-0.1771237,1.081956,walk
-0.0222973,1.0132289,-0.1697111,1.091466,walk
-0.0324778,0.9771273,-0.1837992,1.060145,walk
-0.0199596,0.9928997,-0.13713,1.05461,walk
-0.031322,1.0013743,-0.1804737,1.063983,walk
0.0828067,0.9966453,-0.1304945,1.042737,walk
0.0540594,1.0016241,-0.1104495,1.016679,walk
-0.0174831,1.0039354,-0.0973279,1.014003,walk
-0.0826187,0.9947383,-0.1134563,1.014496,walk
-0.0997555,0.9997739,-0.05749,1.007615,walk
-0.0407251,1.0086155,0.007426,1.009733,walk
-0.0474528,1.0072547,0.0060365,1.008531,walk
-0.0310149,1.0079256,-0.001535,1.008508,walk
-0.0273871,1.008156,-0.0001029,1.008594,walk
-0.0129794,1.0081894,-0.0053822,1.008388,walk
-0.0450059,1.0078211,0.00061,1.009233,walk
-0.0788148,1.0058649,0.0025096,1.00994,walk
-0.0751173,1.0068617,0.004008,1.011356,walk
-0.0699483,1.0021007,-0.0687713,1.00893,walk
-0.1247167,1.0020732,-0.0083236,1.010311,walk
-0.0177147,0.9884777,-0.1702061,1.009789,walk
-0.0165201,1.00128,-0.1372318,1.027034,walk
0.0230354,1.0018863,-0.1269973,1.056939,walk
0.0231723,1.0135048,-0.0374618,1.047546,walk
-0.0115503,0.9854026,-0.0155903,1.010181,walk
0.0099819,1.0360231,-0.0447426,1.072655,walk
-0.0126169,1.0142983,-0.0379488,1.046846,walk
0.0209661,0.9896284,-0.0406032,1.024993,walk
0.0001069,1.0333626,-0.0423026,1.074065,walk
0.0060053,1.0063577,-0.0515722,1.046226,walk
0.05965,1.0011728,-0.052371,1.042303,walk
0.0038563,1.0338875,-0.0443486,1.069975,walk
0.0121263,0.9818395,-0.0645358,1.023134,walk
0.0316611,1.0281342,-0.0792325,1.071107,walk
-0.0199285,1.0168364,-0.1088875,1.068597,walk
0.0257616,0.9876077,-0.0630161,1.035598,walk
-0.02879,1.0382801,-0.040943,1.092617,walk
-0.0133908,0.9993807,-0.0655763,1.053728,walk
-0.041796096,0.336235435,0.954983884,1.03087988,walk
-0.4492671,-0.4584572,0.1664356,1.110041,walk
-0.3614463,-0.807418,-0.4741357,1.033557,walk
-0.4403448,-0.7758546,-0.4996788,1.050133,walk
-0.3699327,-0.7906401,-0.4580524,1.026599,walk
-0.4171849,-0.7980028,-0.4942914,1.073183,walk
-0.3636844,-0.8106901,-0.4354237,1.028885,walk
-0.4304094,-0.7970744,-0.518845,1.08182,walk
-0.4289558,-0.8001745,-0.3972924,1.04404,walk
-0.4454703,-0.819313,-0.4367307,1.082128,walk
-0.4313282,-0.7967384,-0.3849243,1.01596,walk
-0.4615826,-0.8344523,-0.450729,1.114857,walk
-0.4420543,-0.788752,-0.4494207,1.085236,walk
-0.4392489,-0.7805338,-0.4432616,1.053896,walk
-0.4991517,-0.8015183,-0.4458615,1.107673,walk
-0.4746543,-0.7888677,-0.3820824,1.040424,walk
-0.5254826,-0.7901745,-0.4408399,1.101429,walk
-0.4907595,-0.7394879,-0.4036809,1.007803,walk
-0.5442681,-0.7378087,-0.467587,1.059347,walk
-0.4748863,-0.7336981,-0.4391181,1.00561,walk
-0.5213381,-0.7297734,-0.5139451,1.054257,walk
-0.4953943,-0.7228702,-0.4912977,1.042193,walk
-0.4740233,-0.7577154,-0.4319452,1.048478,walk
-0.4738373,-0.7961615,-0.482623,1.086442,walk
-0.5209679,-0.7295041,-0.4070642,1.014306,walk
-0.5398556,-0.7706934,-0.4108259,1.07211,walk
-0.5124644,-0.7723592,-0.4664499,1.08498,walk
-0.462061,-0.7554865,-0.4281544,1.042541,walk
-0.5433716,-0.7834817,-0.438348,1.110217,walk
-0.510166,-0.7381234,-0.4665175,1.043034,walk
-0.489857,-0.8063451,-0.3147289,1.027178,walk
-0.538937,-0.7400331,-0.39029,1.030208,walk
-0.4697927,-0.7256948,-0.5188213,1.041681,walk
-0.5190472,-0.7296701,-0.4858645,1.03932,walk
-0.4913214,-0.6836685,-0.5043002,1.016918,walk
-0.5167186,-0.7340393,-0.5278878,1.067392,walk
-0.5385197,-0.6483112,-0.4730737,0.990962,walk
-0.5639228,-0.7360956,-0.4760906,1.06769,walk
-0.498868,-0.7473128,-0.4140421,1.045751,walk
-0.4359259,-0.7471739,-0.4930893,1.023629,walk
-0.5563724,-0.7389692,-0.4438594,1.059562,walk
-0.550364,-0.6886302,-0.4541303,1.007006,walk
-0.5968307,-0.6708507,-0.4515395,1.023227,walk
-0.5767513,-0.700326,-0.446504,1.030865,walk
-0.578473,-0.6777247,-0.4378727,1.015841,walk
-0.5822207,-0.7055101,-0.4682597,1.048098,walk
-0.5244887,-0.6919377,-0.4472899,0.993609,walk
-0.5763607,-0.6890183,-0.4884552,1.042532,walk
-0.5645503,-0.6907933,-0.4679222,1.038432,walk
-0.6118663,-0.6713728,-0.419487,1.020489,walk
-0.5707653,-0.7402344,-0.4077744,1.05349,walk
-0.5585556,-0.7224587,-0.3749753,1.016195,walk
-0.5497095,-0.7384359,-0.4583651,1.050006,walk
-0.5381258,-0.693228,-0.4527677,1.014282,walk
-0.5915181,-0.704339,-0.4376437,1.037537,walk
-0.593059,-0.6935325,-0.417791,1.024912,walk
-0.5518211,-0.7662083,-0.3503181,1.030371,walk
-0.5938159,-0.721277,-0.3475243,1.011721,walk
-0.6284865,-0.7046466,-0.3841189,1.037703,walk
-0.5980954,-0.6894881,-0.4313441,1.027419,walk
-0.6283878,-0.6637497,-0.3813332,1.007883,walk
-0.6676175,-0.6515915,-0.3699744,1.017092,walk
-0.6538843,-0.6999472,-0.3610588,1.037697,walk
-0.6401086,-0.6912956,-0.3602291,1.026067,walk
-0.6237872,-0.6744718,-0.3618794,1.006932,walk
-0.6316077,-0.680382,-0.3873004,1.027447,walk
-0.6336497,-0.7016364,-0.3761523,1.037116,walk
-0.6411456,-0.709846,-0.3466455,1.038203,walk
-0.6670297,-0.6805421,-0.3318482,1.025344,walk
-0.6277363,-0.6833001,-0.3469498,1.007689,walk
-0.6452301,-0.682968,-0.3308396,1.006651,walk
-0.6571902,-0.7189425,-0.3299362,1.04523,walk
-0.6358203,-0.6837237,-0.3454313,1.010744,walk
-0.6664845,-0.6752424,-0.3330822,1.040672,walk
-0.6463998,-0.7001207,-0.3682991,1.039571,walk
-0.6177109,-0.6923615,-0.3738427,1.018118,walk
-0.6012087,-0.6746316,-0.4155534,1.009015,walk
-0.573762,-0.8046378,-0.3540904,1.095721,walk
-0.6004545,-0.6487766,-0.4605348,1.025302,walk
-0.6033513,-0.6680924,-0.4113612,1.007038,walk
-0.6506642,-0.6813232,-0.383566,1.043102,walk
-0.5960183,-0.7014293,-0.4313949,1.044595,walk
-0.6101292,-0.7320344,-0.4085867,1.078936,walk
-0.5106085,-0.751624,-0.4314834,1.040196,walk
-0.4870775,-0.7527672,-0.4220498,1.000313,walk
-0.5498785,-0.714251,-0.4066238,1.003794,walk
-0.5388378,-0.7160306,-0.4831274,1.027124,walk
-0.5492248,-0.734458,-0.4204182,1.021069,walk
-0.6182114,-0.6835636,-0.3114666,0.996461,walk
-0.6375807,-0.7281851,-0.3644114,1.077148,walk
0.259945946,-0.133421722,0.643307808,1.030578579,MRT
0.4168938,-0.6527888,-0.5697246,1.015397,MRT
0.2055157,-0.6471529,-0.7284008,0.996129,MRT
0.1346777,-0.6564976,-0.7337006,0.994031,MRT
0.1170608,-0.6574085,-0.7327187,0.991531,MRT
0.0995067,-0.6587578,-0.7367563,0.993497,MRT
0.1030951,-0.6559375,-0.7349284,0.991187,MRT
0.1034621,-0.6571952,-0.7385136,0.994263,MRT
0.1028637,-0.6568984,-0.7376567,0.993391,MRT
0.1007446,-0.6568144,-0.7385768,0.993791,MRT
0.1200021,-0.6601432,-0.7291128,0.99117,MRT
0.1807737,-0.6552761,-0.7242426,0.993633,MRT
0.2168153,-0.6504911,-0.7211441,0.995634,MRT
0.2330798,-0.6462709,-0.7288747,1.00214,MRT
0.2245166,-0.6323274,-0.7353907,0.996161,MRT
0.1983475,-0.6181228,-0.7529848,0.994971,MRT
0.1371487,-0.610892,-0.7785624,0.999552,MRT
0.1164377,-0.6037637,-0.7917921,1.00327,MRT
0.1125304,-0.6194935,-0.7755855,0.999986,MRT
0.1104619,-0.626843,-0.7508615,0.985566,MRT
0.1070623,-0.6394963,-0.7493646,0.992152,MRT
0.1327227,-0.6442482,-0.7483315,0.997861,MRT
0.1575118,-0.6349234,-0.7431193,0.991255,MRT
0.1161764,-0.6388033,-0.7504077,0.994718,MRT
0.1115164,-0.6350037,-0.7482116,0.990537,MRT
0.1129978,-0.6405451,-0.7550778,0.997409,MRT
0.0934669,-0.6383461,-0.7594377,0.997827,MRT
0.1118887,-0.6408539,-0.7519588,0.995618,MRT
0.1233839,-0.6418956,-0.7531759,0.998219,MRT
0.1139102,-0.6353734,-0.753944,0.993933,MRT
0.0773675,-0.6355728,-0.7579131,0.99393,MRT
0.0247528,-0.6434646,-0.7640054,0.999937,MRT
0.0133078,-0.6346956,-0.7679963,0.996963,MRT
0.0140417,-0.6371532,-0.7719997,1.003671,MRT
0.0099065,-0.6331169,-0.7699963,0.997878,MRT
0.0151488,-0.6326778,-0.773537,1.000334,MRT
0.0179893,-0.6312686,-0.7716804,0.997636,MRT
0.0610419,-0.6317448,-0.7647563,0.994269,MRT
0.102492,-0.6303696,-0.7598961,0.996871,MRT
0.1210162,-0.6307172,-0.7557318,0.991926,MRT
0.1216695,-0.6313528,-0.7553363,0.991922,MRT
0.1211518,-0.6299459,-0.7567712,0.992069,MRT
0.1215445,-0.6297009,-0.7568626,0.992029,MRT
0.1222638,-0.6305708,-0.7562697,0.992218,MRT
0.1220648,-0.6290258,-0.7575372,0.992187,MRT
0.1218444,-0.6286282,-0.757696,0.992024,MRT
0.1219387,-0.6299084,-0.7567952,0.992156,MRT
0.1342853,-0.6253442,-0.758481,0.99222,MRT
0.1332666,-0.6252532,-0.75878,0.992235,MRT
0.1438448,-0.629112,-0.7536524,0.992492,MRT
0.2248222,-0.6231242,-0.7426537,0.995401,MRT
0.2480034,-0.6222636,-0.7377037,0.996623,MRT
0.2478323,-0.6258862,-0.7345056,0.996621,MRT
0.2482334,-0.6180948,-0.7390113,0.995237,MRT
0.2433553,-0.621764,-0.7400002,0.997303,MRT
0.2378718,-0.6251115,-0.7495952,1.005199,MRT
0.2576137,-0.6280285,-0.7488552,1.011588,MRT
0.2312209,-0.6199471,-0.7457186,0.998825,MRT
0.18507,-0.625934,-0.7446344,0.991691,MRT
0.166299,-0.6205266,-0.7398308,0.981704,MRT
0.1653547,-0.6328581,-0.7499537,0.996624,MRT
0.1661402,-0.6346648,-0.7525246,0.999487,MRT
0.1671344,-0.6273825,-0.7457141,0.99091,MRT
0.1473023,-0.6166576,-0.7480738,0.982354,MRT
0.1196924,-0.6125528,-0.7500809,0.979053,MRT
0.1262989,-0.6290025,-0.7579886,0.995864,MRT
0.1091749,-0.6273526,-0.7582635,0.991541,MRT
0.0727029,-0.6313366,-0.7673281,0.998601,MRT
0.0354339,-0.628766,-0.7725714,0.998047,MRT
0.0076281,-0.6339018,-0.7793008,1.005387,MRT
0.0149535,-0.6275821,-0.7758958,1.000225,MRT
0.0179299,-0.6305351,-0.7738482,0.99953,MRT
0.0186226,-0.6248869,-0.7784564,0.999186,MRT
0.0162707,-0.6298523,-0.7754259,1.000073,MRT
0.0508062,-0.6181667,-0.7771685,0.994682,MRT
0.229693,-0.369627,-0.0435122,1.027698,MRT
0.024929957,0.244064978,0.9851375,1.020983836,MRT
0.233928529,-0.154824625,0.636904204,1.029642643,MRT
0.4918616,-0.8830465,0.0032303,1.02604,MRT
0.4508122,-0.8837473,0.0287486,0.992781,MRT
0.4189438,-0.9009609,0.0241317,0.994228,MRT
0.4453591,-0.8873761,0.0121128,0.993003,MRT
0.4741308,-0.8740282,-0.0399543,0.995293,MRT
0.4975388,-0.8611818,-0.0705022,0.997096,MRT
0.4997621,-0.8601353,-0.0724006,0.997428,MRT
0.5001255,-0.8597397,-0.0720742,0.997267,MRT
0.4977755,-0.8607998,-0.0734553,0.997141,MRT
0.4840881,-0.867607,-0.0402306,0.994704,MRT
0.468577,-0.8759644,-0.0031916,0.993644,MRT
0.4711882,-0.8720296,0.0087675,0.991618,MRT
0.4699394,-0.8763582,0.0108913,0.994616,MRT
0.4735623,-0.8716236,0.0088691,0.992194,MRT
0.4725211,-0.8721514,0.0081133,0.992328,MRT
0.4718829,-0.8682971,0.0125256,0.988604,MRT
0.4651315,-0.8680713,0.0161956,0.985093,MRT
0.4633945,-0.8739019,0.0304721,0.989732,MRT
0.4653461,-0.8762842,0.036637,0.992907,MRT
0.4726129,-0.8712545,0.0394532,0.992032,MRT
0.4654641,-0.8776883,0.0347777,0.994127,MRT
0.4565757,-0.884381,0.0291646,0.995791,MRT
0.451772,-0.8921481,0.0170248,1.00029,MRT
0.4585939,-0.8873271,0.0080082,0.999011,MRT
0.4580044,-0.8872502,0.0012424,0.998792,MRT
0.4756802,-0.8732275,0.0006505,0.994724,MRT
0.4812705,-0.8689218,0.0007818,0.993481,MRT
0.4844815,-0.8695453,0.0024891,0.995623,MRT
0.4822737,-0.8678504,-0.0007362,0.993088,MRT
0.4833009,-0.8697159,-0.0011567,0.995191,MRT
0.4819329,-0.8691177,-0.0076621,0.994091,MRT
0.481061,-0.8699716,-0.0158509,0.994564,MRT
0.480803,-0.8668328,-0.0159556,0.991687,MRT
0.4745429,-0.8667076,-0.0010251,0.988439,MRT
0.4700551,-0.870568,0.0094162,0.989717,MRT
0.4665837,-0.8787117,0.016091,0.995265,MRT
0.4638918,-0.8790344,0.0176919,0.994236,MRT
0.4685674,-0.8836097,0.0152123,1.000501,MRT
0.4688808,-0.883543,0.0038366,1.000388,MRT
0.4731079,-0.8786843,-0.0046286,0.998201,MRT
0.474862,-0.8747823,-0.0111911,0.995592,MRT
0.4741714,-0.8723222,-0.0179885,0.993402,MRT
0.4743666,-0.8741324,-0.0234752,0.995153,MRT
0.4834104,-0.8663443,-0.0164332,0.992277,MRT
0.4958027,-0.8595408,-0.0073695,0.992436,MRT
0.5006167,-0.8583169,-0.0031787,0.993743,MRT
0.5036852,-0.8559522,-0.0020366,0.99324,MRT
0.5134282,-0.8494275,0.0069418,0.99271,MRT
0.523471,-0.8444575,0.015739,0.993911,MRT
0.5285021,-0.8425579,0.0172276,0.99486,MRT
0.5312304,-0.8455004,0.0156126,0.998832,MRT
0.536473,-0.8414867,0.008235,0.998204,MRT
0.538091,-0.8373733,-2.01E-05,0.995519,MRT
0.5394589,-0.8336226,-0.0018155,0.993104,MRT
0.5396132,-0.8345135,-0.0047577,0.993953,MRT
0.535887,-0.8305875,-0.0031863,0.988673,MRT
0.5294358,-0.8332015,0.0031218,0.987366,MRT
0.525106,-0.8371558,0.0129329,0.988495,MRT
0.5193066,-0.8439494,0.0262316,0.991434,MRT
0.5188088,-0.8471571,0.0341562,0.994197,MRT
0.5178247,-0.8481678,0.0320576,0.994478,MRT
0.523182,-0.8456275,0.0329893,0.995122,MRT
0.5428555,-0.8323305,0.0268112,0.994432,MRT
0.5251709,-0.8437186,0.0219706,0.994285,MRT
0.5073853,-0.8534865,0.0279467,0.993516,MRT
0.5052686,-0.8605848,0.0282221,0.998482,MRT
0.5032095,-0.8637704,0.0128855,0.99987,MRT
0.442354,-0.896206,-0.0180163,0.99987,MRT
0.4313835,-0.9019027,-0.02784,1.000517,MRT
0.4711124,-0.8777116,-0.0403178,0.997169,MRT
0.4721826,-0.8723092,-0.0554405,0.993604,MRT
0.4516961,-0.8827679,-0.0642259,0.993871,MRT
0.4579002,-0.878311,-0.0898309,0.994736,MRT
0.4630733,-0.8753769,-0.0947857,0.994984,MRT
0.4530347,-0.8753272,-0.0440492,0.986943,MRT
0.4243482,-0.8945873,0.0551485,0.992009,MRT
0.4418245,-0.8873975,0.04889,0.992582,MRT
0.4447339,-0.8900928,0.041464,0.99593,MRT
0.4443277,-0.8908075,0.0476375,0.996693,MRT
0.4478755,-0.888237,0.0419857,0.995674,MRT
0.4617435,-0.8801857,0.0179366,0.994206,MRT
0.4615265,-0.8805628,0.0167565,0.994385,MRT
0.4734067,-0.873267,0.0018297,0.993478,MRT
0.4864935,-0.8653149,-0.003174,0.992899,MRT
0.4999841,-0.8570508,-0.0187937,0.992519,MRT
0.5254377,-0.8415627,-0.0165047,0.992562,MRT
0.5220639,-0.843388,-0.0272116,0.99309,MRT
0.4588455,-0.8743999,-0.0836841,0.992405,MRT
0.4575416,-0.8806275,-0.0792145,0.997387,MRT
-0.253007071,0.240405051,0.984621212,1.046333333,MRT
0.162444,-0.745788,-0.397648,0.89707,MRT
-0.061636,-0.636918,-0.721741,0.96487,MRT
-0.073692,-0.63295,-0.742157,0.97893,MRT
-0.083463,-0.639936,-0.746864,0.98744,MRT
-0.079193,-0.647343,-0.733421,0.9821,MRT
-0.088954,-0.676009,-0.745281,1.01049,MRT
-0.086833,-0.666547,-0.715604,0.98207,MRT
-0.083677,-0.727775,-0.680961,1.00037,MRT
-0.060756,-0.71938,-0.638548,0.96461,MRT
-0.049472,-0.754775,-0.643683,0.99351,MRT
-0.100072,-0.77234,-0.610753,0.99022,MRT
-0.081606,-0.759111,-0.647796,1.00174,MRT
-0.090475,-0.730645,-0.625077,0.96715,MRT
-0.083058,-0.737202,-0.670816,1.00055,MRT
-0.077227,-0.703033,-0.675652,0.97848,MRT
-0.076978,-0.706066,-0.702098,0.99978,MRT
-0.077225,-0.724365,-0.681651,0.99826,MRT
-0.127282,-0.709001,-0.677449,0.98942,MRT
-0.215538,-0.713022,-0.690727,1.01628,MRT
-0.13859,-0.716253,-0.672101,0.99204,MRT
-0.056268,-0.690675,-0.676903,0.9689,MRT
-0.094242,-0.697492,-0.701013,0.99365,MRT
-0.092803,-0.710443,-0.696114,0.99909,MRT
-0.088135,-0.712517,-0.690313,0.99632,MRT
-0.086155,-0.676992,-0.721161,0.99305,MRT
-0.092138,-0.663526,-0.72361,0.9865,MRT
-0.10151,-0.70827,-0.730494,1.02273,MRT
-0.082058,-0.692505,-0.692714,0.98307,MRT
-0.086318,-0.710735,-0.695541,0.99847,MRT
-0.088436,-0.690785,-0.702028,0.98898,MRT
-0.089651,-0.701872,-0.699429,0.99509,MRT
-0.17502,-0.705044,-0.683893,0.99783,MRT
-0.205271,-0.702204,-0.688105,1.00437,MRT
-0.143094,-0.70925,-0.688633,0.99891,MRT
-0.127659,-0.707059,-0.688457,0.99512,MRT
-0.087255,-0.707507,-0.692213,0.99363,MRT
-0.085849,-0.708698,-0.689303,0.9923,MRT
-0.086906,-0.710369,-0.684616,0.99037,MRT
-0.086336,-0.710212,-0.689826,0.99385,MRT
-0.087236,-0.706811,-0.691008,0.99226,MRT
-0.086247,-0.708608,-0.688812,0.99193,MRT
-0.086903,-0.706772,-0.69166,0.99271,MRT
-0.087058,-0.708123,-0.690841,0.99307,MRT
-0.085848,-0.709619,-0.690113,0.99358,MRT
-0.086606,-0.708084,-0.690584,0.9928,MRT
-0.086445,-0.708574,-0.691171,0.99363,MRT
-0.086244,-0.709052,-0.690068,0.99314,MRT
-0.072806,-0.708926,-0.692557,0.99374,MRT
0.024816,-0.710693,-0.697541,0.99612,MRT
0.013971,-0.707341,-0.709164,1.00178,MRT
-0.046371,-0.721665,-0.699606,1.00624,MRT
-0.094704,-0.692405,-0.674384,0.97127,MRT
-0.101005,-0.716081,-0.705873,1.01059,MRT
-0.086428,-0.686186,-0.692698,0.97894,MRT
-0.096901,-0.701388,-0.728914,1.01636,MRT
-0.089457,-0.698031,-0.716347,1.00434,MRT
0.003054,-0.700708,-0.7096,0.99738,MRT
-0.11291,-0.719022,-0.676852,0.99411,MRT
-0.028354,-0.68489,-0.681461,0.96694,MRT
0.032348,-0.760216,-0.6807,1.02144,MRT
0.03002,-0.696578,-0.688952,0.98027,MRT
0.020383,-0.700613,-0.701093,0.99163,MRT
0.029025,-0.701026,-0.704965,0.99539,MRT
-0.012125,-0.685167,-0.655123,0.94869,MRT
-0.070198,-0.703518,-0.726507,1.01389,MRT
-0.037497,-0.74695,-0.710166,1.03176,MRT
-0.121767,-0.727894,-0.760852,1.06047,MRT
-0.116145,-0.708449,-0.688113,0.99488,MRT
-0.107328,-0.69282,-0.671198,0.97145,MRT
-0.118151,-0.674581,-0.652941,0.94675,MRT
-0.145149,-0.674703,-0.628879,0.93614,MRT
-0.135088,-0.777828,-0.581635,0.98129,MRT
-0.159367,-0.731045,-0.69719,1.02323,MRT
-0.139123,-0.719097,-0.637606,0.97281,MRT
-0.147376,-0.736708,-0.678817,1.01392,MRT
-0.152626,-0.714693,-0.687758,1.00426,MRT
-0.153048,-0.721355,-0.713776,1.02724,MRT
-0.150065,-0.702113,-0.687916,0.99504,MRT
-0.14359,-0.714735,-0.693627,1.00695,MRT
-0.159107,-0.710458,-0.716966,1.02245,MRT
-0.131446,-0.686043,-0.666261,0.96582,MRT
-0.119721,-0.803536,-0.672549,1.05584,MRT
-0.115679,-0.704225,-0.689345,0.99348,MRT
-0.145266,-0.672332,-0.687418,0.97354,MRT
-0.076793,-0.675695,-0.674163,0.9586,MRT
-0.115189,-0.722273,-0.660702,0.98664,MRT
-0.15176,-0.664129,-0.673136,0.95821,MRT
-0.169166,-0.735146,-0.702296,1.03171,MRT
-0.277531,-0.709641,-0.676558,1.01984,MRT
-0.008856456,0.447878679,0.715451952,1.072625626,BUS
0.4403831,0.8889375,-0.0485613,0.996812,BUS
0.4477179,0.9010232,-0.0010351,1.007441,BUS
0.486841,0.8695928,-0.0329606,1.004054,BUS
0.5002371,0.8724982,0.022664,1.006652,BUS
0.4542591,0.8977345,0.0111961,1.00933,BUS
0.4759342,0.869219,-0.1698868,1.012606,BUS
0.4536408,0.8852848,-0.0729055,1.009545,BUS
0.4674322,0.8932776,0.0030228,1.010992,BUS
0.4931896,0.8754957,-0.014729,1.007805,BUS
0.4945149,0.8695008,-0.0227304,1.001734,BUS
0.4885596,0.868535,-0.0191375,0.997868,BUS
0.4732546,0.8882371,-0.0043961,1.007033,BUS
0.4880895,0.8705853,-0.0235153,1.000585,BUS
0.5002755,0.86889,0.0146314,1.003649,BUS
0.5061474,0.8644218,0.0241185,1.002694,BUS
0.4876704,0.8692742,-0.0561916,0.999683,BUS
0.506548,0.8672116,-0.0062015,1.005161,BUS
0.4477008,0.8926024,-0.0281241,1.000109,BUS
0.4978938,0.8732295,0.0137093,1.00639,BUS
0.5655563,0.8265147,-0.0489788,1.009033,BUS
0.5747191,0.8206689,-0.0239249,1.009011,BUS
0.456731,0.8927554,0.0255144,1.004879,BUS
0.5279955,0.8585714,0.0263884,1.01069,BUS
0.4952795,0.8814214,0.0394636,1.012695,BUS
0.5045612,0.8766364,0.0405879,1.012704,BUS
0.5364956,0.8627149,0.0301614,1.017073,BUS
0.443713,0.8910904,-0.0340824,0.999111,BUS
0.5302664,0.8376844,-0.094084,1.004753,BUS
0.4969509,0.8712072,-0.0324063,1.003981,BUS
0.4506931,0.8949497,0.0013173,1.002906,BUS
0.5245085,0.8533598,-0.0434693,1.004027,BUS
0.5169475,0.8535662,-0.0726874,1.002932,BUS
0.4899648,0.87951,-0.0114791,1.008995,BUS
0.5044255,0.8779525,-0.0240516,1.013649,BUS
0.5212142,0.8621359,0.0201288,1.008082,BUS
0.4785986,0.87579,-0.0041108,0.999376,BUS
0.5140149,0.857309,0.0211288,0.99993,BUS
0.5052721,0.8645494,0.0393252,1.002224,BUS
0.4717951,0.8833275,0.0078452,1.001988,BUS
0.5376926,0.8481949,0.0072343,1.010451,BUS
0.5577738,0.8488551,0.018492,1.018819,BUS
0.5334132,0.8571378,0.0395287,1.011144,BUS
0.5224137,0.8654233,0.0406357,1.012501,BUS
0.5535471,0.8412139,-0.0175785,1.012071,BUS
0.700816,0.740496,-0.1045156,1.026124,BUS
0.5712776,0.816428,-0.1153322,1.007869,BUS
0.4864693,0.8788501,-0.0083309,1.006017,BUS
0.4882443,0.8665759,-0.0848728,1.025277,BUS
0.4718081,0.8672967,-0.140765,1.000755,BUS
0.4606082,0.8823647,-0.1144309,1.005526,BUS
0.4425642,0.896961,-0.0833407,1.004149,BUS
0.4455955,0.892141,-0.0824535,1.003169,BUS
0.4170578,0.9145608,-0.0242981,1.015273,BUS
0.4162719,0.9231707,0.0084715,1.01449,BUS
0.4100342,0.9188636,0.0267258,1.007472,BUS
0.3813908,0.9271273,0.0266606,1.003731,BUS
0.539792,0.8368733,-0.0667556,1.00668,BUS
0.3434063,0.9431662,-0.0375796,1.005315,BUS
0.3574215,0.9354345,0.0087063,1.002052,BUS
0.3195156,0.9575251,-0.0470928,1.012439,BUS
0.3116994,0.9578891,-0.079246,1.010994,BUS
0.3325818,0.9435391,-0.1206618,1.008475,BUS
0.3253496,0.9514343,-0.0851444,1.009801,BUS
0.3006753,0.9610562,-0.0302035,1.007885,BUS
0.3601089,0.9393006,-0.0538792,1.009004,BUS
0.3874466,0.9212414,-0.1007496,1.007483,BUS
0.4596891,0.8936613,-0.1375412,1.015735,BUS
0.4970895,0.8677143,-0.1577834,1.014439,BUS
0.4626729,0.8876879,-0.1056896,1.008433,BUS
0.440125,0.8972998,-0.0694214,1.003266,BUS
0.5778009,0.8040766,-0.1006299,1.007227,BUS
0.4651499,0.8831565,-0.0910095,1.005789,BUS
0.5234462,0.8450132,-0.0468677,1.008635,BUS
0.3820956,0.9151475,-0.1220458,1.00576,BUS
0.4004541,0.9126884,-0.0856681,1.002818,BUS
0.3581839,0.9362004,-0.0457288,1.006642,BUS
0.4321385,0.900632,-0.078884,1.004001,BUS
0.4136547,0.9066164,-0.0684909,1.007825,BUS
0.365332,0.9382835,-0.037818,1.011809,BUS
0.3781857,0.9230948,-0.049841,1.003976,BUS
0.3047866,0.9635407,-0.0073236,1.011797,BUS
0.2583407,0.9772539,-0.0136805,1.011517,BUS
0.2624193,0.9748294,-0.0236088,1.010442,BUS
0.282376,0.9704436,0.0037528,1.011316,BUS
0.2968908,0.9537969,0.0047628,1.000832,BUS
0.3760454,0.9271746,-0.1162695,1.011855,BUS
0.4724696,0.8925596,-0.0944754,1.017402,BUS
0.3994654,0.9206566,-0.0372582,1.01075,BUS
0.3183453,0.9539757,0.0255324,1.006997,BUS
0.074645045,-0.115046547,0.865360761,1.051558559,BUS
0.4208407,-0.8761514,-0.2602834,1.045507,BUS
0.3327831,-0.8007163,-0.4960586,1.007623,BUS
0.3692646,-0.8236557,-0.4175826,0.996621,BUS
0.3688306,-0.841907,-0.3689507,0.994524,BUS
0.4252719,-0.8467947,-0.2888068,0.994358,BUS
0.4669684,-0.8380335,-0.2732157,1.001634,BUS
0.5189503,-0.7938923,-0.3234121,1.009518,BUS
0.5640706,-0.7626212,-0.2771689,0.993376,BUS
0.5668281,-0.7453592,-0.3297613,0.994886,BUS
0.5331011,-0.7818701,-0.3165765,1.000974,BUS
0.5163051,-0.8024963,-0.2737263,0.996071,BUS
0.4750949,-0.8469956,-0.2206021,0.998059,BUS
0.4904682,-0.8426371,-0.2054248,1.000344,BUS
0.4598208,-0.8520566,-0.2225009,1.006732,BUS
0.4686979,-0.8212385,-0.3047204,0.996333,BUS
0.4598145,-0.8253214,-0.2988055,0.991099,BUS
0.462407,-0.82479,-0.2948637,0.990586,BUS
0.4509832,-0.8168263,-0.3381271,0.993165,BUS
0.455891,-0.8036806,-0.381424,1.001262,BUS
0.4771936,-0.7768169,-0.3919524,0.99332,BUS
0.4827768,-0.7773819,-0.3936438,0.997219,BUS
0.4729541,-0.7938961,-0.3589282,0.992579,BUS
0.4624743,-0.7957043,-0.3689243,0.992587,BUS
0.4491261,-0.8079906,-0.3571151,0.991707,BUS
0.4965228,-0.7993654,-0.3077795,0.991441,BUS
0.4908593,-0.8025517,-0.3084705,0.990632,BUS
0.4945085,-0.8012164,-0.300701,0.98869,BUS
0.5155274,-0.7992162,-0.2803957,0.992404,BUS
0.5499787,-0.8032613,-0.2337167,1.002706,BUS
0.5644731,-0.7687067,-0.2801381,1.004458,BUS
0.5513896,-0.7920406,-0.2422294,0.995542,BUS
0.526444,-0.7912116,-0.2872427,1.008088,BUS
0.5273623,-0.7960957,-0.2658321,0.991939,BUS
0.5289383,-0.7896133,-0.2790381,0.990641,BUS
0.532743,-0.785913,-0.282778,0.990771,BUS
0.5331251,-0.785779,-0.2820808,0.990746,BUS
0.5339445,-0.7848451,-0.2828477,0.990647,BUS
0.5347262,-0.7841211,-0.2833147,0.990649,BUS
0.5356317,-0.7834797,-0.2842687,0.990876,BUS
0.5372051,-0.7817647,-0.2853106,0.990716,BUS
0.5375356,-0.7817835,-0.2845844,0.990717,BUS
0.5257676,-0.7647855,-0.3579241,0.997155,BUS
0.5315745,-0.7273452,-0.4301056,1.000172,BUS
0.5271238,-0.7545767,-0.371896,0.99508,BUS
0.5364408,-0.7621417,-0.3619714,1.001008,BUS
0.5392989,-0.776239,-0.2740422,0.98744,BUS
0.5572914,-0.7422918,-0.354967,0.994559,BUS
0.5879848,-0.7359242,-0.3229703,0.997199,BUS
0.5515057,-0.75565,-0.3163357,0.989193,BUS
0.5911598,-0.7262992,-0.3343806,0.995057,BUS
0.591554,-0.7370186,-0.3183586,0.997767,BUS
0.5539665,-0.784299,-0.2470938,0.992402,BUS
0.5370576,-0.7696627,-0.3199619,0.993023,BUS
0.5706954,-0.7544675,-0.3107394,0.996402,BUS
0.5798967,-0.7331144,-0.3314121,0.994139,BUS
0.588821,-0.714669,-0.3576231,0.993986,BUS
0.5699382,-0.7307982,-0.3526667,0.992029,BUS
0.5476642,-0.7562908,-0.3387129,0.994391,BUS
0.5486171,-0.7672376,-0.3094424,0.993637,BUS
0.5048669,-0.773649,-0.3470457,0.991787,BUS
0.5030767,-0.7939828,-0.3258616,0.996772,BUS
0.5008176,-0.8148637,-0.2742898,0.998366,BUS
0.5080385,-0.8255241,-0.2499621,1.002153,BUS
0.5129146,-0.8211488,-0.2570118,1.004736,BUS
0.5079289,-0.8251221,-0.2386138,0.998657,BUS
0.5131716,-0.7698957,-0.3542152,0.997744,BUS
0.5161561,-0.7653873,-0.3597977,0.990958,BUS
0.5173405,-0.762018,-0.3639765,0.990452,BUS
0.5168997,-0.7632293,-0.3622868,0.990517,BUS
0.5164757,-0.7642084,-0.3609527,0.990577,BUS
0.5156628,-0.7660795,-0.3578366,0.990491,BUS
0.5151555,-0.7670895,-0.3563067,0.990446,BUS
0.5154031,-0.7674719,-0.3550977,0.990436,BUS
0.5160661,-0.766663,-0.3560666,0.990506,BUS
0.5156913,-0.7676899,-0.3545281,0.990543,BUS
0.5149916,-0.7692524,-0.351591,0.990412,BUS
0.5039534,-0.765232,-0.3832388,0.994455,BUS
0.5265972,-0.7220594,-0.4355377,0.99527,BUS
0.5335279,-0.744934,-0.374032,0.993479,BUS
0.4945292,-0.7994786,-0.3220268,0.994357,BUS
0.444212,-0.7910064,-0.4045737,0.994879,BUS
0.3537979,-0.8169828,-0.4707645,1.008981,BUS
0.426688,-0.796887,-0.4120679,0.999845,BUS
0.5436724,-0.7688043,-0.3078916,0.992519,BUS
0.5650778,-0.7444198,-0.3227653,0.991419,BUS
0.5553467,-0.7637779,-0.301708,0.993783,BUS
0.5738649,-0.7754731,-0.2335967,0.994696,BUS
0.5863824,-0.7706918,-0.2352559,0.997054,BUS
0.5599271,-0.7865617,-0.2555072,1.015529,BUS
0.177075876,-0.280112112,0.618778378,1.050995996,BUS
0.2218439,-0.9598399,-0.2039564,1.025186,BUS
0.1940318,-0.9245967,-0.3242091,1.001807,BUS
0.312155,-0.9203979,-0.1862987,0.998522,BUS
0.2229554,-0.944342,-0.2304195,0.99891,BUS
0.3092604,-0.9389899,-0.098502,0.996006,BUS
0.2685708,-0.9465005,-0.1914903,1.002835,BUS
0.3023708,-0.9375406,-0.1011439,0.992231,BUS
0.2953129,-0.9408685,-0.1064653,0.992358,BUS
0.3004682,-0.9397514,-0.1235218,0.994682,BUS
0.3333023,-0.93191,-0.0914876,0.994567,BUS
0.3156403,-0.9350726,-0.1250594,0.995058,BUS
0.3184386,-0.9302419,-0.1207766,0.990803,BUS
0.3049283,-0.9448834,-0.0872772,0.996921,BUS
0.3352537,-0.9304491,-0.1033616,0.994849,BUS
0.3607795,-0.9203016,-0.1105734,0.995022,BUS
0.3948183,-0.9053929,-0.0700721,0.990658,BUS
0.3906051,-0.9179826,-0.0435846,0.999223,BUS
0.3198577,-0.9485527,0.0083336,1.002339,BUS
0.373609,-0.9101737,-0.0456838,0.990699,BUS
0.3923143,-0.9061529,-0.1085012,0.994294,BUS
0.361474,-0.9187281,-0.1150587,0.994486,BUS
0.346053,-0.9385756,-0.0823689,1.004269,BUS
0.3592365,-0.9185824,-0.093571,0.991719,BUS
0.3564856,-0.9271492,-0.0555452,0.995149,BUS
0.3493762,-0.9188262,-0.0232646,0.983895,BUS
0.3437606,-0.9375717,-0.0028443,0.99902,BUS
0.3694884,-0.9167198,-0.0211329,0.989085,BUS
0.2986621,-0.9436731,0.0023653,0.990801,BUS
0.3258129,-0.9460523,-0.0571004,1.002633,BUS
0.3018425,-0.9412261,-0.0455393,0.990158,BUS
0.2894863,-0.9563864,-0.0199198,0.999605,BUS
0.2830257,-0.945668,-0.0322134,0.987889,BUS
0.3113145,-0.9444003,-0.0381636,0.99577,BUS
0.2890496,-0.9499919,-0.0291441,0.993976,BUS
0.2980653,-0.9501622,-0.0406022,0.997191,BUS
0.31097,-0.9436075,-0.0499533,0.995192,BUS
0.3087702,-0.9370169,-0.0645774,0.988984,BUS
0.3058531,-0.9484936,-0.0767993,0.999929,BUS
0.3297839,-0.9341947,-0.0783219,0.994548,BUS
0.3594736,-0.926477,-0.0813922,0.997807,BUS
0.372582,-0.9087883,-0.0737349,0.985807,BUS
0.387362,-0.9166687,-0.0949666,1.000354,BUS
0.4210929,-0.9036564,-0.1083759,1.004747,BUS
0.3851,-0.9158983,-0.0809128,0.997903,BUS
0.3559336,-0.9241495,-0.068566,0.99345,BUS
0.3307205,-0.9334156,-0.0496579,0.991811,BUS
0.332769,-0.9366433,-0.0384157,0.994927,BUS
0.3352613,-0.9340279,-0.0336413,0.993082,BUS
0.3371595,-0.9327029,-0.0361695,0.992716,BUS
0.338283,-0.9300088,0.015428,0.989855,BUS
0.3411567,-0.947236,0.017248,1.007346,BUS
0.3762651,-0.9134265,0.069021,0.991234,BUS
0.4104154,-0.9099496,0.1103881,1.004396,BUS
0.3879769,-0.9174646,0.0444351,0.997476,BUS
0.3724423,-0.9220369,-0.0150564,0.994732,BUS
0.3743985,-0.9213513,0.0111597,0.994762,BUS
0.3490671,-0.9295773,-0.0322616,0.993541,BUS
0.3540726,-0.9276515,-0.0298273,0.993389,BUS
0.3564095,-0.9275939,-0.0317749,0.994336,BUS
0.3241948,-0.937329,-0.0764417,0.995125,BUS
0.3159768,-0.9387494,-0.0671578,0.994949,BUS
0.3335467,-0.9287117,-0.0609137,0.990975,BUS
0.3486926,-0.9355785,-0.0392687,1.000745,BUS
0.343149,-0.9356882,-0.0445471,0.999717,BUS
0.3745213,-0.9149223,0.0066989,0.98992,BUS
0.3575082,-0.9248331,-0.0287275,0.995861,BUS
0.3343997,-0.9296159,-0.1280872,0.997283,BUS
0.3188933,-0.9331926,-0.1853354,1.005426,BUS
0.3707201,-0.9256408,-0.0353653,0.998862,BUS
0.3551265,-0.9192636,-0.0581266,0.989205,BUS
0.3615269,-0.9162392,-0.1470259,0.996553,BUS
0.3552311,-0.9182941,-0.0976427,0.990584,BUS
0.3764574,-0.9198048,-0.0324095,0.995669,BUS
0.3795447,-0.9173953,-0.0116204,0.993881,BUS
0.4220258,-0.9035978,0.0825943,1.001745,BUS
0.3857095,-0.920299,0.0664801,1.001026,BUS
0.3927468,-0.9198135,0.04946,1.002182,BUS
0.3534885,-0.9237806,-0.0467743,0.992459,BUS
0.3744764,-0.9198962,-0.0315322,0.994367,BUS
0.3789066,-0.9175608,-0.036135,0.993953,BUS
0.3813299,-0.9164568,-0.035903,0.993968,BUS
0.3797998,-0.9170143,-0.0353677,0.993888,BUS
0.3796498,-0.9173288,-0.035748,0.993487,BUS
0.3791874,-0.9174117,-0.0374822,0.993754,BUS
0.3809227,-0.9166298,-0.0388061,0.9934,BUS
0.382518,-0.9158905,-0.0378579,0.993296,BUS
0.3817696,-0.9163166,-0.0344948,0.993264,BUS
0.3823574,-0.9161452,-0.0343487,0.993325,BUS
0.3877507,-0.9130039,-0.0443407,0.992927,BUS
